Model_type,Window_size,Movement,Algorithm,Dataset_size,Features,RMSE,R2,RMSE2,R22
LR,20,1,4,4547,41,0.246265404188625,0.520674728523979,0.246320684452379,0.504532041363081
LR,20,7,4,634,29,0.249237542140907,0.512242081858827,0.289533128736682,0.327436169335343
LR,20,10,4,454,33,0.260377757944089,0.435014998265669,0.250933191120515,0.495607302227007
LR,20,20,4,233,15,0.259482754909892,0.376530064332478,0.296504836881618,0.389190879200456
,,,,,,,,,
LR,20,1,0,195121,41,0.098273868687809,0.119332075768374,0.098050649010857,0.120336116353651
LR,20,1,1,765,25,0.251350223063266,0.295525173416427,0.259701660970228,0.265095196261537
LR,20,1,2,8088,42,0.240382276236389,0.370920269179679,0.231917471299381,0.398605600676589
LR,20,1,3,21169,42,0.20097659695979,0.286431367575151,0.20373212250897,0.26692621561434
LR,20,1,4,4547,41,0.246265404188625,0.520674728523979,0.246320684452379,0.504532041363081
LR,20,1,5,54423,42,0.24909535074985,0.324251169107514,0.249450484270045,0.31413884061425
LR,20,1,6,11628,42,0.248774752010592,0.32535069987764,0.246160903055098,0.327718954979135
